"sp_id","plant_id","temp_C","time_min","FvFm_initial","FvFm_post","FvFm_final"
"SP1","SP1_1",52,60,0.798565574,0,0
"SP1","SP1_1",40,30,0.766087963,0.413267408,0.490132343
"SP1","SP1_1",44,15,0.772606654,0.300062383,0.322791712
"SP1","SP1_1",40,60,0.772753237,0.490261404,0.573818058
"SP1","SP1_1",36,5,0.762847183,0.64000691,0.618286112
"SP1","SP1_1",30,120,0.767805813,0.345798707,0.469581749
"SP1","SP1_1",40,15,0.769910616,0.729169489,0.747219886
"SP1","SP1_1",44,5,0.75866309,0.319148936,0.318371608
"SP1","SP1_1",44,120,0.772834249,0.046296296,0.108444444
"SP1","SP1_1",36,120,0.767460161,0.584333793,0.677241548
"SP1","SP1_1",56,15,0.780668311,0,0
"SP1","SP1_1",44,60,0.751540568,0.192013594,0.266034579
"SP1","SP1_1",48,15,0.799346138,0,0.028963415
"SP1","SP1_1",48,30,0.777300174,0,0
"SP1","SP1_1",44,30,0.765229569,0.177603424,0.222032936
"SP1","SP1_1",52,5,0.768767235,0,0
"SP1","SP1_1",56,30,0.7668056,0,0
"SP1","SP1_1",36,60,0.75104856,0.528100114,0.59611381
"SP1","SP1_1",30,30,0.766764142,0.471463267,0.517729043
"SP1","SP1_1",52,30,0.727969349,0,0
"SP1","SP1_1",30,60,0.78142749,0.6640625,0.688567839
"SP1","SP1_1",40,120,0.751001953,0.368927973,0.449567723
"SP1","SP1_1",56,5,0.798316861,0,0
"SP1","SP1_1",36,30,0.786185831,0.493575419,0.539620635
"SP1","SP1_1",36,15,0.783900929,0.355470413,0.46455272
"SP1","SP1_1",48,5,0.770870712,0.148648649,0.206376812
"SP1","SP1_1",40,5,0.774339706,0.604867432,0.65393029
"SP1","SP1_1",52,15,0.744171991,0,0
"SP1","SP1_4",56,5,0.806220096,0,0
"SP1","SP1_4",30,30,0.794623461,0.726857966,0.754015307
"SP1","SP1_4",52,60,0.800775946,0,0.030654115
"SP1","SP1_4",30,60,0.79883819,0.657124682,0.718028169
"SP1","SP1_4",44,60,0.80092244,0.051282051,0.082344214
"SP1","SP1_4",40,15,0.801051868,0.676446349,0.727260932
"SP1","SP1_4",52,30,0.809127828,0.034458259,0
"SP1","SP1_4",44,15,0.799373041,0.463302752,0.600942992
"SP1","SP1_4",44,5,0.800428385,0.326108871,0.386477987
"SP1","SP1_4",44,120,0.796727048,0,0
"SP1","SP1_4",44,30,0.79561579,0.149928264,0.283075089
"SP1","SP1_4",52,5,0.800018,0,0
"SP1","SP1_4",52,15,0.809556116,0,0
"SP1","SP1_4",36,15,0.773704867,0.583425211,0.661524637
"SP1","SP1_4",40,5,0.793285927,0.628736313,0.67351842
"SP1","SP1_4",36,60,0.793848712,0.649048626,0.693440046
"SP1","SP1_4",36,120,0.82049451,0.634126333,0.716670883
"SP1","SP1_4",40,60,0.797381116,0.435192163,0.498924731
"SP1","SP1_4",56,30,0.794369117,0.012287131,0.020184136
"SP1","SP1_4",48,60,0.812869198,0,0
"SP1","SP1_4",40,30,0.793609894,0.579042276,0.50723992
"SP1","SP1_4",30,120,0.805937655,0.649320458,0.669272754
"SP1","SP1_4",56,15,0.805962607,0,0.022938144
"SP1","SP1_4",40,120,0.796105161,0.29773622,0.281094527
"SP1","SP1_4",36,5,0.79830709,0.707359307,0.75172868
"SP1","SP1_4",48,5,0.801463944,0.066720257,0.110153846
"SP1","SP1_4",36,30,0.7958159,0.647869868,0.712938177
"SP1","SP1_4",48,15,0.792282039,0,0.011059124
"SP1","SP1_4",48,30,0.800246609,0.079336272,0
"SP1","SP1_3",36,60,0.792879257,0.463913949,0.558917589
"SP1","SP1_3",48,30,0.819319319,0,0
"SP1","SP1_3",44,30,0.818589654,0.043032787,0.118093174
"SP1","SP1_3",56,5,0.788754598,0,0
"SP1","SP1_3",30,60,0.826837416,0.616102111,0.688358097
"SP1","SP1_3",30,30,0.762777582,0.436423841,0.511445087
"SP1","SP1_3",40,5,0.773325176,0.653001133,0.69675169
"SP1","SP1_3",40,15,0.814212548,0.516321406,0.66981297
"SP1","SP1_3",48,60,0.786874921,0,0
"SP1","SP1_3",52,5,0.746680171,0.112489661,0
"SP1","SP1_3",48,15,0.83073582,0,0.003220612
"SP1","SP1_3",48,120,0.840957371,0.06311433,0
"SP1","SP1_3",40,120,0.80296241,0.304707379,0.427225624
"SP1","SP1_3",30,120,0.833451856,0.650581646,0.712151067
"SP1","SP1_3",40,60,0.804375087,0.444348947,0.525855513
"SP1","SP1_3",44,15,0.822598253,0.390599676,0.510980007
"SP1","SP1_3",56,15,0.818993217,0.027474924,0
"SP1","SP1_3",44,60,0.834886526,0,0
"SP1","SP1_3",52,30,0.807794626,0,0
"SP1","SP1_3",36,15,0.829183151,0.577642657,0.66149285
"SP1","SP1_3",36,5,0.818104184,0.642872783,0.709756098
"SP1","SP1_3",48,5,0.801507271,0.074856046,0.068093385
"SP1","SP1_3",36,30,0.837890372,0.542872898,0.623093682
"SP1","SP1_3",44,5,0.785347889,0.42999007,0.563979622
"SP1","SP1_3",56,30,0.80156658,0.122552858,0
"SP1","SP1_3",44,120,0.784537389,0,0
"SP1","SP1_3",52,60,0.803424753,0.17402711,0
"SP1","SP1_3",40,30,0.814931077,0.403959562,0.582254585
"SP1","SP1_3",52,15,0.809833618,0,0
"SP1","SP1_3",36,120,0.847327282,0.454545455,0.620166074
"SP1","SP1_5",36,5,0.78432377,0.629177887,0.718259921
"SP1","SP1_5",48,30,0.80022584,0.0672,0
"SP1","SP1_5",36,15,0.78026592,0.661811083,0.718691472
"SP1","SP1_5",56,5,0.804496991,0,0
"SP1","SP1_5",40,5,0.790919835,0.642262895,0.718963897
"SP1","SP1_5",44,60,0.804755461,0,0.049839228
"SP1","SP1_5",52,60,0.803855826,0,0.028699217
"SP1","SP1_5",56,15,0.794135369,0,0.028828829
"SP1","SP1_5",30,30,0.799634299,0.75893887,0.771636095
"SP1","SP1_5",44,120,0.789250516,0,0
"SP1","SP1_5",52,15,0.790426344,0,0
"SP1","SP1_5",36,60,0.774361314,0.617206548,0.680095732
"SP1","SP1_5",44,15,0.797486034,0.344963792,0.523157471
"SP1","SP1_5",30,60,0.787707153,0.671669794,0.735014917
"SP1","SP1_5",40,30,0.796965784,0.474358974,0.424782264
"SP1","SP1_5",48,60,0.804627767,0,0.001176747
"SP1","SP1_5",40,15,0.801279603,0.602979428,0.666097191
"SP1","SP1_5",36,30,0.800494805,0.64837498,0.711179218
"SP1","SP1_5",56,30,0.7742482,0.025764439,0.021129707
"SP1","SP1_5",36,120,0.810783431,0.518508655,0.610629476
"SP1","SP1_5",48,5,0.792631936,0.007155635,0.054964539
"SP1","SP1_5",52,5,0.800769231,0,0
"SP1","SP1_5",30,120,0.79580332,0.602677795,0.507835455
"SP1","SP1_5",44,5,0.800852619,0.314151497,0.395876289
"SP1","SP1_5",44,30,0.783094886,0.176416819,0.343894389
"SP1","SP1_5",40,120,0.808054498,0.416171225,0.344412607
"SP1","SP1_5",48,15,0.804509679,0,0.017589577
"SP1","SP1_5",52,30,0.804929577,0.021892655,0
"SP1","SP1_5",40,60,0.75698324,0.432074546,0.529411765
"SP1","SP1_2",52,30,0.761393579,0,0
"SP1","SP1_2",48,15,0.756939391,0,0
"SP1","SP1_2",44,60,0.770143261,0.266204849,0.411609499
"SP1","SP1_2",30,30,0.763278963,0.50807476,0.501683502
"SP1","SP1_2",40,60,0.775918133,0.635785007,0.576201968
"SP1","SP1_2",44,5,0.76216454,0.568337912,0.634615385
"SP1","SP1_2",36,5,0.770198105,0.611035525,0.661002014
"SP1","SP1_2",36,120,0.763026655,0.494451295,0.562844185
"SP1","SP1_2",48,30,0.757622263,0,0.033608491
"SP1","SP1_2",30,120,0.762928022,0.479454927,0.535838437
"SP1","SP1_2",36,60,0.76908253,0.516351744,0.596522212
"SP1","SP1_2",56,15,0.771912351,0.012826283,0
"SP1","SP1_2",44,30,0.767487334,0.135228849,0.203039514
"SP1","SP1_2",52,5,0.768834193,0,0
"SP1","SP1_2",40,30,0.773766069,0.489066541,0.61389836
"SP1","SP1_2",40,15,0.772993089,0.598327609,0.662599146
"SP1","SP1_2",36,15,0.772510569,0.60845646,0.686574353
"SP1","SP1_2",48,5,0.746706845,0.088760807,0
"SP1","SP1_2",40,5,0.763621578,0.624214357,0.692568357
"SP1","SP1_2",30,60,0.770646808,0.617963111,0.688851042
"SP1","SP1_2",56,30,0.769588252,0,0
"SP1","SP1_2",44,120,0.765240328,0.076701822,0.177726926
"SP1","SP1_2",36,30,0.766433973,0.614685622,0.681845274
"SP1","SP1_2",56,5,0.717160762,0,0
"SP1","SP1_2",48,60,0.769025244,0,0.012436224
"SP1","SP1_2",44,15,0.769251505,0.410507881,0.504474002
"SP1","SP1_2",52,15,0.767574192,0,0
"SP1","SP1_2",40,120,0.778310861,0.2258966,0.256947088
"SP1","SP1_2",52,60,0.753761239,0,0
"SP1","SP1_6",30,30,0.781909257,0.567050487,0.625544493
"SP1","SP1_6",36,5,0.762786782,0.459129953,0.506255393
"SP1","SP1_6",52,15,0.766524932,0,0
"SP1","SP1_6",40,15,0.767537827,0.439783105,0.482301801
"SP1","SP1_6",36,30,0.764944276,0.52675874,0.575741801
"SP1","SP1_6",44,120,0.766380528,0,0
"SP1","SP1_6",48,15,0.779838468,0,0
"SP1","SP1_6",48,30,0.744698459,0,0.034006734
"SP1","SP1_6",30,120,0.725653868,0.427769111,0.556331681
"SP1","SP1_6",52,30,0.759085183,0,0
"SP1","SP1_6",56,15,0.763320463,0,0
"SP1","SP1_6",48,5,0.763617571,0.148873072,0
"SP1","SP1_6",36,60,0.706519913,0.094502779,0.165464382
"SP1","SP1_6",36,120,0.788796516,0.353035144,0.557341125
"SP1","SP1_6",40,30,0.790506046,0.374434854,0.491648707
"SP1","SP1_6",30,60,0.724976772,0.167485265,0.23050557
"SP1","SP1_6",56,30,0.750340136,0,0
"SP1","SP1_6",56,5,0.706955967,0,0
"SP1","SP1_6",40,120,0.757863406,0.102350265,0.118733509
"SP1","SP1_6",44,60,0.75819209,0,0
"SP1","SP1_6",48,60,0.754909366,0,0.016404887
"SP1","SP1_6",44,30,0.774128754,0.208584337,0.245208196
"SP1","SP1_6",40,5,0.754886254,0.414159292,0.480544747
"SP1","SP1_6",52,5,0.761000415,0,0
"SP1","SP1_6",36,15,0.767915487,0.449811117,0.574914297
"SP1","SP1_6",44,15,0.771179652,0.204011065,0.272245763
"SP1","SP1_6",44,5,0.739080097,0.317584224,0.414772727
"SP1","SP1_6",52,60,0.769151777,0,0
"SP1","SP1_6",40,60,0.770131181,0.486324564,0.420074349
"SP2","SP2_4",44,30,0.666832918,0.133111481,0.207738542
"SP2","SP2_4",52,5,0.64980749,0,0
"SP2","SP2_4",52,30,0.645251128,0,0
"SP2","SP2_4",40,120,0.693681062,0.302241504,0.434615931
"SP2","SP2_4",56,30,0.69113561,0,0
"SP2","SP2_4",48,15,0.704022989,0.048282728,0.069017254
"SP2","SP2_4",44,15,0.659365138,0.237771739,0.350846124
"SP2","SP2_4",56,5,0.699246704,0,0
"SP2","SP2_4",48,5,0.630603532,0.194991055,0.26901119
"SP2","SP2_4",48,30,0.694849548,0,0.002569373
"SP2","SP2_4",30,120,0.702794463,0.269146608,0.408499096
"SP2","SP2_4",52,60,0.729914374,0,0
"SP2","SP2_4",40,30,0.695744118,0.423032541,0.532400672
"SP2","SP2_4",30,30,0.593422172,0.333248924,0.34512761
"SP2","SP2_4",36,120,0.682773109,0.268505488,0.404655701
"SP2","SP2_4",44,60,0.647119438,0.046833773,0.035884133
"SP2","SP2_4",36,60,0.598461239,0.287948482,0.411076092
"SP2","SP2_4",36,15,0.653556086,0.321768327,0.484477124
"SP2","SP2_4",30,60,0.68460323,0.323784304,0.370914543
"SP2","SP2_4",52,15,0.634374433,0,0
"SP2","SP2_4",44,120,0.656266572,0,0
"SP2","SP2_4",36,30,0.718841842,0.421076959,0.506580581
"SP2","SP2_4",40,15,0.622018699,0.487943262,0.582991356
"SP2","SP2_4",36,5,0.612626263,0.405254237,0.433044451
"SP2","SP2_4",40,5,0.659277955,0.347987825,0.501960784
"SP2","SP2_4",40,60,0.690301468,0.156777014,0.232795522
"SP2","SP2_4",44,5,0.659711234,0.376347495,0.389935212
"SP2","SP2_4",56,15,0.654748489,0,0
"SP2","SP2_3",44,15,0.753492194,0.208778841,0.32248062
"SP2","SP2_3",44,60,0.728770053,0,0
"SP2","SP2_3",52,60,0.698356046,0,0.030089989
"SP2","SP2_3",40,5,0.749862172,0.543873394,0.585028366
"SP2","SP2_3",30,60,0.743918919,0.343283582,0.4191295
"SP2","SP2_3",30,30,0.755309326,0.660882934,0.66711451
"SP2","SP2_3",30,120,0.751715018,0.458261986,0.472022684
"SP2","SP2_3",52,30,0.71542114,0.031484258,0
"SP2","SP2_3",48,60,0.70098699,0,0
"SP2","SP2_3",40,120,0.70411985,0.111545988,0.159117305
"SP2","SP2_3",36,15,0.744914073,0.588245006,0.651102464
"SP2","SP2_3",40,30,0.737894841,0.451937984,0.427059713
"SP2","SP2_3",36,60,0.678461106,0.419847328,0.503899679
"SP2","SP2_3",36,30,0.727161077,0.460619469,0.497976453
"SP2","SP2_3",48,30,0.731587057,0.070943652,0
"SP2","SP2_3",40,60,0.704892966,0.335796084,0.404089581
"SP2","SP2_3",44,5,0.733142179,0.298198198,0.348165761
"SP2","SP2_3",56,30,0.753563455,0.042981073,0
"SP2","SP2_3",52,5,0.712355556,0,0.025487256
"SP2","SP2_3",40,15,0.753523963,0.472848996,0.528333028
"SP2","SP2_3",44,30,0.732779579,0.094679892,0.216106605
"SP2","SP2_3",36,5,0.741706582,0.580343214,0.604890605
"SP2","SP2_3",56,5,0.754453708,0,0
"SP2","SP2_3",48,15,0.710167551,0.051854975,0.066850177
"SP2","SP2_3",36,120,0.751458807,0.404442388,0.488162544
"SP2","SP2_3",44,120,0.735997578,0,0
"SP2","SP2_3",52,15,0.690605239,0,0
"SP2","SP2_3",56,15,0.706974944,0,0.02617801
"SP2","SP2_3",48,5,0.707336523,0.103725656,0.192532089
"SP2","SP2_2",44,5,0.669823886,0.428165007,0.578968737
"SP2","SP2_2",44,120,0.570635782,0.094208494,0.245202559
"SP2","SP2_2",56,30,0.615411559,0,0
"SP2","SP2_2",30,120,0.678674352,0.372456964,0.38779433
"SP2","SP2_2",44,60,0.636712464,0.341938214,0.48302762
"SP2","SP2_2",44,30,0.531443467,0.117733628,0.234316577
"SP2","SP2_2",56,15,0.633800671,0,0
"SP2","SP2_2",48,15,0.530830364,0.017857143,0.041396286
"SP2","SP2_2",40,120,0.645336746,0.344901228,0.465859714
"SP2","SP2_2",44,15,0.541321771,0.281698938,0.466357309
"SP2","SP2_2",40,60,0.704734324,0.370255349,0.511883298
"SP2","SP2_2",48,30,0.683611964,0,0
"SP2","SP2_2",48,5,0.685637999,0.167054715,0.238196512
"SP2","SP2_2",52,5,0.67315478,0,0.020992366
"SP2","SP2_2",40,30,0.574624935,0.408224076,0.430753138
"SP2","SP2_2",36,30,0.745245111,0.495842782,0.593899522
"SP2","SP2_2",52,60,0.65464782,0,0
"SP2","SP2_2",36,15,0.717630058,0.430560783,0.601513019
"SP2","SP2_2",52,30,0.630062517,0,0
"SP2","SP2_2",40,15,0.651568976,0.498966637,0.66262069
"SP2","SP2_2",30,60,0.662402392,0.431770678,0.451298701
"SP2","SP2_2",40,5,0.696332518,0.495145631,0.58612925
"SP2","SP2_2",36,5,0.625955204,0.400159267,0.413741876
"SP2","SP2_2",36,60,0.660566802,0.442586399,0.568412162
"SP2","SP2_2",36,120,0.640806184,0.389524648,0.485246781
"SP2","SP2_2",52,15,0.593674618,0,0
"SP2","SP2_2",56,5,0.682677875,0,0
"SP2","SP2_6",48,30,0.81734451,0,0
"SP2","SP2_6",40,120,0.789169996,0.368031574,0.515687852
"SP2","SP2_6",52,30,0.790450655,0,0
"SP2","SP2_6",44,15,0.802918165,0.465346535,0.634053849
"SP2","SP2_6",30,60,0.809910086,0.442287513,0.52636158
"SP2","SP2_6",56,15,0.804272574,0.028186275,0
"SP2","SP2_6",36,60,0.789543687,0.444667431,0.591825513
"SP2","SP2_6",48,120,0.818227341,0.075496117,0
"SP2","SP2_6",30,30,0.729778367,0.420748556,0.500862962
"SP2","SP2_6",44,30,0.821341165,0.107111501,0.162774725
"SP2","SP2_6",52,60,0.791576674,0.154541718,0
"SP2","SP2_6",36,5,0.827012576,0.519133938,0.630644605
"SP2","SP2_6",36,120,0.820413123,0.351371951,0.524451494
"SP2","SP2_6",48,60,0.777013001,0,0
"SP2","SP2_6",56,30,0.813376596,0.121712998,0
"SP2","SP2_6",56,5,0.743622722,0,0
"SP2","SP2_6",48,5,0.808732246,0.116136919,0.14382786
"SP2","SP2_6",52,15,0.827815993,0,0
"SP2","SP2_6",40,15,0.803773974,0.408505155,0.552187914
"SP2","SP2_6",52,5,0.766498529,0.140743872,0
"SP2","SP2_6",48,15,0.794292393,0,0
"SP2","SP2_6",30,120,0.819855885,0.458333333,0.598564222
"SP2","SP2_6",40,60,0.79087606,0.190025253,0.339897885
"SP2","SP2_6",44,60,0.828821055,0,0
"SP2","SP2_6",44,5,0.783317354,0.332804233,0.44347112
"SP2","SP2_6",44,120,0.7585233,0.125703565,0.193846154
"SP2","SP2_6",40,30,0.824791418,0.453763441,0.592983129
"SP2","SP2_6",36,15,0.818659935,0.511510387,0.63249086
"SP2","SP2_6",36,30,0.802845748,0.378705148,0.510017314
"SP2","SP2_6",40,5,0.800420389,0.566666667,0.669391091
"SP2","SP2_7",56,15,0.747197561,0.022727273,0.076657459
"SP2","SP2_7",44,120,0.730263158,0.036273115,0.121134021
"SP2","SP2_7",48,60,0.736294989,0,0.085964245
"SP2","SP2_7",36,15,0.749252003,0.468024755,0.675099701
"SP2","SP2_7",40,15,0.734840179,0.464565169,0.612692148
"SP2","SP2_7",48,15,0.734381596,0.03014038,0.066839155
"SP2","SP2_7",44,15,0.744414656,0.246568627,0.543474562
"SP2","SP2_7",56,30,0.76642477,0,0.061704589
"SP2","SP2_7",36,5,0.707324501,0.484746364,0.644453117
"SP2","SP2_7",52,15,0.73849252,0,0.04865557
"SP2","SP2_7",52,5,0.762425447,0,0.063416297
"SP2","SP2_7",52,60,0.746832283,0,0.012711864
"SP2","SP2_7",30,30,0.760518073,0.499210422,0.600889782
"SP2","SP2_7",44,5,0.736183074,0.336086176,0.62119791
"SP2","SP2_7",48,30,0.761583378,0,0.057267247
"SP2","SP2_7",44,60,0.746377872,0.070812808,0.172777499
"SP2","SP2_7",56,5,0.676033283,0,0.049289891
"SP2","SP2_7",44,30,0.753044856,0.187054306,0.42663104
"SP2","SP2_7",36,60,0.742450306,0.503845258,0.678664149
"SP2","SP2_7",36,30,0.75087056,0.60376569,0.703595724
"SP2","SP2_7",48,5,0.733450657,0.0446898,0
"SP2","SP2_7",40,120,0.77078138,0.188429088,0.272553395
"SP2","SP2_7",40,30,0.762700471,0.399937461,0.636722016
"SP2","SP2_7",30,120,0.74611293,0.409022556,0.613436916
"SP2","SP2_7",52,30,0.733441134,0,0.026487368
"SP2","SP2_7",30,60,0.751449791,0.495604657,0.675257732
"SP2","SP2_7",36,120,0.718197238,0.382338902,0.620657179
"SP2","SP2_7",40,5,0.771596563,0.381859264,0.443630347
"SP2","SP2_7",40,60,0.751594589,0.362966175,0.37290924
"SP2","SP2_5",48,5,0.745867536,0.135881104,0
"SP2","SP2_5",40,30,0.769127793,0.347680735,0.471035387
"SP2","SP2_5",44,15,0.75593447,0.313075506,0.416960173
"SP2","SP2_5",36,120,0.762155059,0.420034642,0.586083091
"SP2","SP2_5",52,60,0.759353349,0,0
"SP2","SP2_5",36,60,0.750232318,0.438043804,0.519174041
"SP2","SP2_5",36,5,0.73503937,0.433223993,0.464218099
"SP2","SP2_5",30,60,0.761680744,0.563530148,0.643277723
"SP2","SP2_5",44,30,0.741795127,0.266636072,0.364761558
"SP2","SP2_5",40,15,0.760963558,0.49125,0.559642147
"SP2","SP2_5",56,15,0.751238051,0.002188982,0
"SP2","SP2_5",40,5,0.751924002,0.58748595,0.65267423
"SP2","SP2_5",30,120,0.759496648,0.629234168,0.710910265
"SP2","SP2_5",52,30,0.734718963,0,0
"SP2","SP2_5",56,30,0.732758621,0,0
"SP2","SP2_5",44,60,0.746623865,0.324768756,0.473574201
"SP2","SP2_5",48,15,0.753138075,0,0.007907222
"SP2","SP2_5",48,30,0.725313342,0,0.076356946
"SP2","SP2_5",44,120,0.758996851,0.213125846,0.337600759
"SP2","SP2_5",52,5,0.762358421,0,0.053309481
"SP2","SP2_5",30,30,0.768360949,0.56064333,0.594132504
"SP2","SP2_5",56,5,0.702830189,0,0
"SP2","SP2_5",52,15,0.743983402,0,0
"SP2","SP2_5",36,30,0.75523243,0.649342316,0.691855463
"SP2","SP2_5",48,60,0.747279196,0,0.034188034
"SP2","SP2_5",40,120,0.752553502,0.309031997,0.443567116
"SP2","SP2_5",36,15,0.765406089,0.534543937,0.652187598
"SP2","SP2_5",44,5,0.739642769,0.31299435,0.471198157
"SP2","SP2_5",40,60,0.756988818,0.349453461,0.255639098
"SP2","SP2_1",44,5,0.768490047,0.306650246,0.419698095
"SP2","SP2_1",36,60,0.758847995,0.50933508,0.619290996
"SP2","SP2_1",30,60,0.773099746,0.595824411,0.702031877
"SP2","SP2_1",44,60,0.774030202,0.396269634,0.580337736
"SP2","SP2_1",40,30,0.754270696,0.506369998,0.423496365
"SP2","SP2_1",36,5,0.769320935,0.624877434,0.702937033
"SP2","SP2_1",44,120,0.779148616,0.148148148,0.188361409
"SP2","SP2_1",44,15,0.751180959,0.374856487,0.533399237
"SP2","SP2_1",40,15,0.758514462,0.554496168,0.593567648
"SP2","SP2_1",52,5,0.780078727,0,0
"SP2","SP2_1",56,5,0.764911973,0,0.018339951
"SP2","SP2_1",44,30,0.749859607,0.18298447,0.321123321
"SP2","SP2_1",40,120,0.759891782,0.564227891,0.611692236
"SP2","SP2_1",52,30,0.762368524,0.01460707,0
"SP2","SP2_1",48,15,0.763220277,0.027856135,0.080091533
"SP2","SP2_1",48,60,0.780924693,0,0.019420469
"SP2","SP2_1",30,30,0.742225786,0.641420526,0.678944844
"SP2","SP2_1",52,60,0.773635523,0,0.022072937
"SP2","SP2_1",40,60,0.767170819,0.546617916,0.554625829
"SP2","SP2_1",56,30,0.768212501,0.085704831,0.028758829
"SP2","SP2_1",30,120,0.769182446,0.581395349,0.625707257
"SP2","SP2_1",36,30,0.75941151,0.56156991,0.616976193
"SP2","SP2_1",40,5,0.771919547,0.643204958,0.717333036
"SP2","SP2_1",56,15,0.764614757,0,0.036242762
"SP2","SP2_1",36,15,0.758330528,0.603717786,0.688632246
"SP2","SP2_1",36,120,0.795981308,0.508285164,0.647602228
"SP2","SP2_1",52,15,0.763174432,0,0.019061858
"SP2","SP2_1",48,30,0.757233976,0.085933631,0
"SP2","SP2_1",48,5,0.761529431,0.088157895,0.142732811
"SP3","SP3_1",44,30,0.74554295,0.100126743,0.20555731
"SP3","SP3_1",30,60,0.742210878,0.390556492,0.488231338
"SP3","SP3_1",52,15,0.762523028,0,0
"SP3","SP3_1",48,15,0.757779502,0,0
"SP3","SP3_1",36,120,0.783479241,0.296909492,0.36122145
"SP3","SP3_1",44,60,0.760655738,0.081045752,0.197806086
"SP3","SP3_1",30,30,0.756956174,0.537175692,0.573281811
"SP3","SP3_1",40,120,0.668760392,0.007989348,0.055460017
"SP3","SP3_1",48,30,0.75622497,0.072294191,0
"SP3","SP3_1",30,120,0.755949947,0.319247467,0.299016931
"SP3","SP3_1",52,60,0.759299781,0,0.027216857
"SP3","SP3_1",40,15,0.759344847,0.431550069,0.56451399
"SP3","SP3_1",56,15,0.751976928,0,0.029675425
"SP3","SP3_1",52,30,0.751327991,0.014418126,0
"SP3","SP3_1",36,15,0.748448194,0.493631972,0.596096291
"SP3","SP3_1",36,60,0.712774998,0.258095698,0.412632669
"SP3","SP3_1",48,5,0.753488775,0.144631521,0.211482255
"SP3","SP3_1",44,120,0.764716391,0,0
"SP3","SP3_1",44,5,0.768381756,0.375646329,0.411288992
"SP3","SP3_1",40,5,0.753465003,0.51546776,0.487200107
"SP3","SP3_1",40,30,0.755215799,0.482124617,0.411104548
"SP3","SP3_1",56,5,0.755282186,0,0
"SP3","SP3_1",36,30,0.745283019,0.412698413,0.434571645
"SP3","SP3_1",48,60,0.756923077,0,0
"SP3","SP3_1",36,5,0.750364564,0.458788481,0.421086815
"SP3","SP3_1",44,15,0.757460317,0.281233664,0.401690391
"SP3","SP3_1",40,60,0.74283521,0.47123623,0.581321305
"SP3","SP3_1",52,5,0.76825039,0,0
"SP3","SP3_1",56,30,0.749912862,0.031106398,0
"SP3","SP3_4",36,60,0.747243354,0.396509408,0.549188289
"SP3","SP3_4",40,5,0.748197404,0.501746456,0.625778331
"SP3","SP3_4",48,60,0.74825413,0,0.07369123
"SP3","SP3_4",48,5,0.756400188,0.153812057,0
"SP3","SP3_4",56,5,0.694725275,0,0.021834061
"SP3","SP3_4",56,30,0.760951866,0,0.027077849
"SP3","SP3_4",36,120,0.756288382,0.295424837,0.448715613
"SP3","SP3_4",40,60,0.739890812,0.275096113,0.315920398
"SP3","SP3_4",52,5,0.755871651,0,0.042356378
"SP3","SP3_4",36,15,0.756471115,0.362888809,0.575091062
"SP3","SP3_4",48,15,0.749980903,0.023463687,0.043831169
"SP3","SP3_4",30,60,0.629187524,0.282889427,0.499102011
"SP3","SP3_4",30,30,0.756314879,0.527300561,0.601803772
"SP3","SP3_4",52,15,0.737332997,0,0.00259142
"SP3","SP3_4",44,120,0.733067384,0,0.013562387
"SP3","SP3_4",30,120,0.638248551,0.241298213,0.428648358
"SP3","SP3_4",40,15,0.695533871,0.347460087,0.458633922
"SP3","SP3_4",40,30,0.595577838,0.218379447,0.45902537
"SP3","SP3_4",52,60,0.599092506,0,0.019736842
"SP3","SP3_4",36,30,0.761605585,0.531700019,0.625160627
"SP3","SP3_4",44,30,0.718304117,0.228958631,0.423182331
"SP3","SP3_4",48,30,0.739369369,0,0.038694482
"SP3","SP3_4",36,5,0.701303097,0.414223808,0.536260729
"SP3","SP3_4",44,5,0.743621878,0.348420154,0.371644554
"SP3","SP3_4",44,15,0.735368074,0.226224784,0.388349515
"SP3","SP3_4",40,120,0.760722156,0.29674489,0.470055939
"SP3","SP3_4",44,60,0.739138177,0.002277904,0.070886076
"SP3","SP3_4",52,30,0.699408047,0,0.037742041
"SP3","SP3_4",56,15,0.674865488,0.01734104,0.031670914
"SP3","SP3_3",48,30,0.797437266,0,0
"SP3","SP3_3",36,60,0.78442928,0.308151093,0.336512262
"SP3","SP3_3",56,15,0.816262789,0.029620359,0
"SP3","SP3_3",40,60,0.782684996,0.226765799,0.322859891
"SP3","SP3_3",48,60,0.772325103,0,0
"SP3","SP3_3",56,5,0.749073311,0,0
"SP3","SP3_3",52,5,0.744974619,0.138470128,0
"SP3","SP3_3",36,120,0.827318588,0.347077922,0.575410577
"SP3","SP3_3",44,30,0.790262942,0.025365104,0
"SP3","SP3_3",44,15,0.809842332,0.321010763,0.554886085
"SP3","SP3_3",40,120,0.769847973,0.318358292,0.398517473
"SP3","SP3_3",30,60,0.788369876,0.43956044,0.521382672
"SP3","SP3_3",30,30,0.773043215,0.398550725,0.523241955
"SP3","SP3_3",36,5,0.802717715,0.46107056,0.551499118
"SP3","SP3_3",40,15,0.782140267,0.359375,0.534142328
"SP3","SP3_3",36,30,0.776949994,0.262540021,0.367773019
"SP3","SP3_3",44,60,0.821134826,0,0
"SP3","SP3_3",40,30,0.785371585,0.242365487,0.312729178
"SP3","SP3_3",48,15,0.800774088,0,0
"SP3","SP3_3",52,60,0.780633536,0.182052225,0
"SP3","SP3_3",48,5,0.824534942,0.046995029,0.025967894
"SP3","SP3_3",40,5,0.774213014,0.471522453,0.424856283
"SP3","SP3_3",36,15,0.792034959,0.453067047,0.594799742
"SP3","SP3_3",44,120,0.728822368,0,0
"SP3","SP3_3",44,5,0.75975976,0.221112696,0.289811066
"SP3","SP3_3",52,15,0.79667841,0,0
"SP3","SP3_3",52,30,0.781743009,0,0
"SP3","SP3_3",30,120,0.771574192,0.339217191,0.493158495
"SP3","SP3_3",56,30,0.781914308,0.18683565,0
"SP3","SP3_3",48,120,0.811851126,0.05093046,0
"SP3","SP3_5",52,60,0.78308909,0,0
"SP3","SP3_5",48,15,0.785338436,0,0
"SP3","SP3_5",40,5,0.755524541,0.367816092,0.644991699
"SP3","SP3_5",56,30,0.746662141,0,0
"SP3","SP3_5",36,30,0.771599265,0.319615179,0.486834048
"SP3","SP3_5",56,15,0.76293051,0,0
"SP3","SP3_5",30,30,0.693023833,0.362657932,0.472032742
"SP3","SP3_5",44,30,0.729090494,0.04568902,0.125948407
"SP3","SP3_5",48,5,0.75666907,0.121779859,0.292777634
"SP3","SP3_5",30,60,0.757020757,0.451928965,0.586284853
"SP3","SP3_5",52,5,0.746560619,0,0
"SP3","SP3_5",44,15,0.755609168,0.233758349,0.500109673
"SP3","SP3_5",40,30,0.771646755,0.405190456,0.631487639
"SP3","SP3_5",44,5,0.744059889,0.295154185,0.449707113
"SP3","SP3_5",36,60,0.737546012,0.39161463,0.601856078
"SP3","SP3_5",52,30,0.684562911,0,0
"SP3","SP3_5",40,120,0.73478957,0.340772999,0.550727695
"SP3","SP3_5",52,15,0.739264153,0,0
"SP3","SP3_5",40,60,0.724642815,0.291907514,0.553826896
"SP3","SP3_5",48,30,0.755003032,0,0.012638231
"SP3","SP3_5",36,15,0.76822708,0.308863513,0.55076297
"SP3","SP3_5",36,5,0.741053851,0.527456988,0.562858509
"SP3","SP3_5",36,120,0.744949808,0.300373134,0.578296703
"SP3","SP3_5",44,120,0.742199735,0.182521268,0.487495776
"SP3","SP3_5",30,120,0.748849829,0.254012561,0.478619154
"SP3","SP3_5",44,60,0.752178008,0.28972317,0.405214088
"SP3","SP3_5",40,15,0.739827374,0.484994914,0.698119737
"SP3","SP3_5",56,5,0.778288147,0,0
"SP3","SP3_6",30,120,0.747386267,0.333549433,0.545627048
"SP3","SP3_6",48,15,0.749077188,0,0.002962963
"SP3","SP3_6",52,15,0.729817099,0,0.016785825
"SP3","SP3_6",56,5,0.703937513,0,0.046994806
"SP3","SP3_6",36,5,0.737660285,0.531175536,0.645306633
"SP3","SP3_6",56,30,0.749169584,0,0.042056075
"SP3","SP3_6",44,60,0.706174657,0.1775,0.404827924
"SP3","SP3_6",52,5,0.751758624,0,0.052341598
"SP3","SP3_6",40,120,0.752097962,0.201503759,0.391975971
"SP3","SP3_6",36,30,0.741625574,0.5,0.667811355
"SP3","SP3_6",40,15,0.756399244,0.427904806,0.494147511
"SP3","SP3_6",48,30,0.746092362,0,0.037569944
"SP3","SP3_6",52,60,0.739675768,0,0.027469316
"SP3","SP3_6",36,120,0.755998489,0.288468955,0.533727328
"SP3","SP3_6",44,120,0.738617357,0,0.035521583
"SP3","SP3_6",44,15,0.734289329,0.188546731,0.376712329
"SP3","SP3_6",52,30,0.75,0,0.03495912
"SP3","SP3_6",48,60,0.746564504,0,0.081260844
"SP3","SP3_6",40,60,0.755800236,0.308713693,0.373478539
"SP3","SP3_6",48,5,0.745140046,0.056603774,0
"SP3","SP3_6",56,15,0.723128554,0.028833552,0.053278689
"SP3","SP3_6",40,30,0.75195122,0.335507246,0.597215377
"SP3","SP3_6",40,5,0.733371513,0.460618371,0.628412317
"SP3","SP3_6",44,30,0.7495975,0.224075039,0.384023815
"SP3","SP3_6",30,60,0.756234765,0.416370107,0.648237531
"SP3","SP3_6",30,30,0.761761385,0.482219706,0.651645979
"SP3","SP3_6",44,5,0.739991353,0.355566827,0.505842805
"SP3","SP3_6",36,60,0.755430135,0.451129666,0.653586362
"SP3","SP3_6",36,15,0.765122037,0.419431988,0.653831143
"SP3","SP3_2",56,30,0.755255512,0,0
"SP3","SP3_2",36,60,0.769021739,0.521319051,0.668452182
"SP3","SP3_2",36,120,0.748460862,0.500481696,0.67413677
"SP3","SP3_2",40,30,0.774041419,0.603122731,0.700101729
"SP3","SP3_2",44,120,0.778515389,0.028154327,0.110433604
"SP3","SP3_2",44,60,0.767351577,0.108695652,0.168946648
"SP3","SP3_2",30,120,0.783328493,0.385464909,0.624091521
"SP3","SP3_2",40,120,0.738493915,0.188864143,0.340368098
"SP3","SP3_2",30,30,0.669506726,0.410614525,0.429514691
"SP3","SP3_2",40,60,0.768988277,0.602500496,0.700793651
"SP3","SP3_2",44,30,0.776745106,0.057634731,0.135833756
"SP3","SP3_2",40,15,0.764179673,0.693112153,0.717851421
"SP3","SP3_2",36,15,0.777225444,0.634875564,0.725294014
"SP3","SP3_2",52,15,0.761236548,0,0
"SP3","SP3_2",48,15,0.790540541,0,0
"SP3","SP3_2",52,30,0.693920127,0,0
"SP3","SP3_2",36,5,0.725525219,0.39169204,0.316479401
"SP3","SP3_2",48,5,0.774088604,0.125615764,0.180314309
"SP3","SP3_2",44,5,0.774664929,0.422991071,0.487889273
"SP3","SP3_2",52,60,0.792958927,0,0
"SP3","SP3_2",48,30,0.772424447,0,0
"SP3","SP3_2",56,15,0.782969188,0,0
"SP3","SP3_2",56,5,0.793785574,0,0
"SP3","SP3_2",44,15,0.779775916,0.204575163,0.41815548
"SP3","SP3_2",52,5,0.7754961,0,0
"SP3","SP3_2",30,60,0.7651494,0.423109126,0.430100509
"SP3","SP3_2",36,30,0.785770209,0.609994568,0.700492519
"SP3","SP3_2",40,5,0.779086608,0.62867215,0.705161943
"SP4","SP4_5",30,30,0.786135064,0.642453698,0.606138473
"SP4","SP4_5",52,15,0.788794908,0,0
"SP4","SP4_5",36,15,0.793300202,0.646364564,0.699811276
"SP4","SP4_5",30,120,0.793906321,0.54340584,0.630016411
"SP4","SP4_5",52,30,0.78920742,0.014821273,0
"SP4","SP4_5",48,15,0.783186227,0,0
"SP4","SP4_5",44,30,0.79895912,0.017123288,0.044593769
"SP4","SP4_5",52,5,0.791063145,0,0
"SP4","SP4_5",36,60,0.795264624,0.417910448,0.430447761
"SP4","SP4_5",56,5,0.787804018,0,0
"SP4","SP4_5",40,120,0.800057427,0,0.010380623
"SP4","SP4_5",40,60,0.767874713,0,0
"SP4","SP4_5",36,120,0.820360394,0.549688818,0.641753999
"SP4","SP4_5",40,15,0.788163028,0.558759913,0.614215609
"SP4","SP4_5",44,60,0.79931594,0,0
"SP4","SP4_5",44,120,0.799296119,0,0
"SP4","SP4_5",52,60,0.796281326,0,0.027660267
"SP4","SP4_5",30,60,0.783542039,0.532306461,0.587595389
"SP4","SP4_5",40,5,0.71407073,0.214779213,0.143667861
"SP4","SP4_5",36,5,0.792296992,0.636572303,0.645406824
"SP4","SP4_5",56,15,0.790554058,0,0.007524454
"SP4","SP4_5",44,15,0.78679134,0.2383759,0.337954111
"SP4","SP4_5",56,30,0.791622853,0.011788826,0
"SP4","SP4_5",36,30,0.791393826,0.456711916,0.425351192
"SP4","SP4_5",40,30,0.800210674,0.498241206,0.437134874
"SP4","SP4_5",48,60,0.796641791,0,0
"SP4","SP4_5",48,30,0.802972399,0.10530138,0
"SP4","SP4_5",48,5,0.79500446,0.052560036,0.060518732
"SP4","SP4_5",44,5,0.800182815,0.226098191,0.253731343
"SP4","SP4_1",56,5,0.774254049,0,0
"SP4","SP4_1",40,5,0.789789244,0.393719807,0.51530236
"SP4","SP4_1",40,120,0.789230627,0.522655427,0.609834158
"SP4","SP4_1",40,15,0.779183982,0.318515926,0.444276131
"SP4","SP4_1",44,120,0.761353018,0,0
"SP4","SP4_1",44,60,0.821076724,0,0
"SP4","SP4_1",56,15,0.798354317,0.048065651,0
"SP4","SP4_1",36,60,0.770951448,0.389847716,0.561078349
"SP4","SP4_1",30,30,0.776531566,0.429618398,0.491676476
"SP4","SP4_1",48,60,0.765381895,0,0
"SP4","SP4_1",52,60,0.803954306,0.163056804,0
"SP4","SP4_1",36,5,0.777129402,0.471740208,0.54591114
"SP4","SP4_1",40,30,0.818013515,0.33040153,0.477942759
"SP4","SP4_1",40,60,0.800747198,0.217652959,0.410378481
"SP4","SP4_1",52,15,0.783678335,0,0
"SP4","SP4_1",48,30,0.825491573,0,0
"SP4","SP4_1",52,30,0.795157895,0,0
"SP4","SP4_1",36,30,0.838682923,0.402327776,0.541247485
"SP4","SP4_1",56,30,0.818411867,0.190954774,0
"SP4","SP4_1",44,15,0.828423465,0.082116788,0.184773989
"SP4","SP4_1",36,15,0.810886908,0.488082683,0.584910151
"SP4","SP4_1",48,15,0.822613646,0,0
"SP4","SP4_1",44,30,0.812562814,0,0.036217304
"SP4","SP4_1",48,120,0.773899402,0.148230088,0
"SP4","SP4_1",44,5,0.783907683,0.195851129,0.338539633
"SP4","SP4_1",48,5,0.810243118,0,0
"SP4","SP4_1",30,120,0.848644963,0.495730441,0.62455633
"SP4","SP4_1",30,60,0.789291883,0.432188591,0.518755119
"SP4","SP4_1",52,5,0.745700451,0.181603774,0
"SP4","SP4_1",36,120,0.852567825,0.510816215,0.62607704
"SP4","SP4_6",30,120,0.775771971,0.469501466,0.591395376
"SP4","SP4_6",36,60,0.758995123,0.484712901,0.529403528
"SP4","SP4_6",56,30,0.755848346,0,0
"SP4","SP4_6",52,5,0.756817984,0,0
"SP4","SP4_6",40,5,0.759204778,0.522038271,0.542003808
"SP4","SP4_6",48,5,0.774406088,0.06863418,0.061177816
"SP4","SP4_6",56,5,0.772158114,0,0
"SP4","SP4_6",52,30,0.713597074,0,0
"SP4","SP4_6",40,15,0.742105263,0.598101266,0.645300374
"SP4","SP4_6",36,120,0.764253798,0.437517318,0.538607971
"SP4","SP4_6",48,30,0.755515695,0,0
"SP4","SP4_6",52,60,0.792608179,0,0
"SP4","SP4_6",56,15,0.774659551,0,0
"SP4","SP4_6",40,30,0.771079882,0.389131297,0.420021186
"SP4","SP4_6",52,15,0.74730164,0,0
"SP4","SP4_6",44,60,0.77566118,0.022123894,0.165003837
"SP4","SP4_6",44,15,0.752677062,0.137039937,0.240406321
"SP4","SP4_6",44,30,0.740272066,0.072916667,0.111479029
"SP4","SP4_6",30,60,0.772711807,0.554705568,0.587301587
"SP4","SP4_6",36,30,0.782892894,0.500126743,0.488521432
"SP4","SP4_6",36,5,0.752471065,0.58424337,0.594996541
"SP4","SP4_6",48,15,0.785216826,0,0
"SP4","SP4_6",44,120,0.756348412,0,0
"SP4","SP4_6",44,5,0.74955595,0.351323829,0.34619469
"SP4","SP4_6",30,30,0.76030588,0.541727066,0.615440565
"SP4","SP4_6",36,15,0.790966288,0.494387628,0.576923077
"SP4","SP4_6",40,120,0.729625993,0.159810127,0.225552826
"SP4","SP4_6",40,60,0.765598348,0.481103166,0.618944548
"SP4","SP4_4",40,5,0.738440804,0.524366086,0.577590651
"SP4","SP4_4",48,5,0.776876422,0,0
"SP4","SP4_4",52,60,0.783908671,0,0
"SP4","SP4_4",52,5,0.751570681,0,0
"SP4","SP4_4",36,60,0.776507029,0.522054819,0.606230153
"SP4","SP4_4",40,60,0.760776248,0.279918864,0.140223193
"SP4","SP4_4",40,30,0.786008563,0.329699084,0.407341411
"SP4","SP4_4",36,120,0.772747487,0.585807504,0.696202532
"SP4","SP4_4",44,15,0.77883402,0.155737705,0.227557411
"SP4","SP4_4",36,5,0.769209354,0.62454469,0.634242232
"SP4","SP4_4",56,5,0.723807562,0,0
"SP4","SP4_4",56,15,0.768653606,0.010703773,0.017908124
"SP4","SP4_4",44,30,0.779777618,0.038745387,0.077388964
"SP4","SP4_4",30,30,0.76197208,0.495755518,0.466514286
"SP4","SP4_4",36,30,0.785580378,0.630587674,0.661498973
"SP4","SP4_4",36,15,0.785516068,0.538707335,0.611035975
"SP4","SP4_4",48,60,0.768661735,0,0.023373342
"SP4","SP4_4",40,15,0.780626781,0.496290015,0.552299885
"SP4","SP4_4",40,120,0.796671867,0.321565291,0.46082665
"SP4","SP4_4",52,30,0.774219122,0,0.002992383
"SP4","SP4_4",44,120,0.785768878,0,0
"SP4","SP4_4",48,15,0.7672813,0,0
"SP4","SP4_4",56,30,0.773350234,0,0.008576789
"SP4","SP4_4",30,60,0.783121243,0.608740228,0.695037005
"SP4","SP4_4",52,15,0.771642704,0,0
"SP4","SP4_4",44,5,0.750174642,0.228939544,0.296786389
"SP4","SP4_4",30,120,0.787921348,0.576584068,0.662660256
"SP4","SP4_4",44,60,0.780068449,0,0
"SP4","SP4_4",48,30,0.753992659,0,0.019777159
"SP4","SP4_3",48,60,0.763421012,0,0.050496331
"SP4","SP4_3",40,5,0.757164646,0.539834174,0.633654287
"SP4","SP4_3",36,120,0.764838739,0.520356727,0.647101016
"SP4","SP4_3",52,5,0.757028781,0,0.006112809
"SP4","SP4_3",36,60,0.774287744,0.525395657,0.633927338
"SP4","SP4_3",40,30,0.778729354,0.202751196,0.306353351
"SP4","SP4_3",40,60,0.770695224,0.469771242,0.390504079
"SP4","SP4_3",36,30,0.756758978,0.608292259,0.673390225
"SP4","SP4_3",30,60,0.767706828,0.578596288,0.661915888
"SP4","SP4_3",40,15,0.775600282,0.4560121,0.564449991
"SP4","SP4_3",48,15,0.771590067,0,0
"SP4","SP4_3",36,15,0.777615027,0.533052277,0.647576576
"SP4","SP4_3",44,30,0.769638478,0,0.070163934
"SP4","SP4_3",48,30,0.762503273,0,0.025641026
"SP4","SP4_3",52,60,0.772393789,0,0.003449763
"SP4","SP4_3",52,15,0.754149702,0,0
"SP4","SP4_3",56,30,0.761021664,0,0.023148148
"SP4","SP4_3",44,60,0.773453672,0.098828697,0.310889443
"SP4","SP4_3",56,15,0.764442003,0.022094926,0.024602574
"SP4","SP4_3",36,5,0.742434432,0.580605421,0.654754767
"SP4","SP4_3",30,30,0.772831147,0.600577352,0.674330743
"SP4","SP4_3",44,15,0.776155515,0.133143322,0.265720735
"SP4","SP4_3",44,5,0.744708146,0.290175171,0.364878374
"SP4","SP4_3",56,5,0.71571754,0,0.015339074
"SP4","SP4_3",40,120,0.78318981,0.06548933,0.205724508
"SP4","SP4_3",52,30,0.762380393,0,0.01375
"SP4","SP4_3",30,120,0.764883126,0.549974196,0.670072322
"SP4","SP4_3",44,120,0.766437121,0,0.007773459
"SP4","SP4_3",48,5,0.774108322,0,0
"SP4","SP4_2",40,15,0.797404271,0.630961252,0.713006049
"SP4","SP4_2",30,60,0.801083253,0.70375,0.750851064
"SP4","SP4_2",48,15,0.789131671,0.038707386,0.026164462
"SP4","SP4_2",44,60,0.779270186,0.01065449,0.103636364
"SP4","SP4_2",30,30,0.792994493,0.662747125,0.677227251
"SP4","SP4_2",36,30,0.797990896,0.676554775,0.739354462
"SP4","SP4_2",52,30,0.779971194,0,0.053103448
"SP4","SP4_2",30,120,0.785196823,0.671816729,0.747537725
"SP4","SP4_2",48,30,0.765925788,0,0.032765051
"SP4","SP4_2",52,15,0.792555082,0,0.047356188
"SP4","SP4_2",44,30,0.786659402,0.055845511,0.114208633
"SP4","SP4_2",44,15,0.796380458,0.188800793,0.295265781
"SP4","SP4_2",36,15,0.794390805,0.613268354,0.742899702
"SP4","SP4_2",48,5,0.785382831,0,0
"SP4","SP4_2",36,60,0.782377919,0.662462537,0.730491054
"SP4","SP4_2",36,120,0.798453746,0.677478236,0.755692552
"SP4","SP4_2",52,5,0.794189709,0,0.019572418
"SP4","SP4_2",40,60,0.801370428,0.604703441,0.641457972
"SP4","SP4_2",44,5,0.764433716,0.348347258,0.487416107
"SP4","SP4_2",40,5,0.784515007,0.677489768,0.752357367
"SP4","SP4_2",52,60,0.790481892,0,0.031717748
"SP4","SP4_2",40,120,0.809921497,0.46683871,0.589558107
"SP4","SP4_2",56,5,0.739444323,0,0.050657262
"SP4","SP4_2",56,30,0.799491496,0,0.053067564
"SP4","SP4_2",48,60,0.787163141,0,0.097809077
"SP4","SP4_2",36,5,0.770759344,0.694051317,0.735156396
"SP4","SP4_2",44,120,0.798002803,0,0.005557372
"SP4","SP4_2",40,30,0.797269674,0.593632653,0.698525674
"SP4","SP4_2",56,15,0.777503406,0.022547468,0.059602649
"SP5","SP5_2",48,60,0.820132205,0,0
"SP5","SP5_2",36,15,0.831628421,0.695733708,0.764935065
"SP5","SP5_2",40,5,0.828963938,0.698268472,0.755186187
"SP5","SP5_2",30,60,0.848207571,0.580691643,0.707136764
"SP5","SP5_2",44,5,0.825695931,0.635538572,0.744933333
"SP5","SP5_2",30,30,0.832863188,0.702412397,0.762778152
"SP5","SP5_2",56,30,0.837363092,0.098017621,0
"SP5","SP5_2",44,15,0.83458721,0.536909041,0.661044034
"SP5","SP5_2",52,15,0.861508303,0.018880424,0
"SP5","SP5_2",48,15,0.843535522,0,0
"SP5","SP5_2",52,60,0.820999613,0.182835821,0
"SP5","SP5_2",40,30,0.849117966,0.603452298,0.742853308
"SP5","SP5_2",52,30,0.833219021,0,0
"SP5","SP5_2",36,30,0.846437205,0.686756388,0.761572426
"SP5","SP5_2",44,30,0.849577301,0.481091746,0.638017356
"SP5","SP5_2",40,120,0.826295168,0.474209651,0.63337085
"SP5","SP5_2",36,5,0.835927602,0.558313938,0.672254533
"SP5","SP5_2",48,5,0.844735277,0.128301887,0.202068417
"SP5","SP5_2",30,120,0.828799291,0.559488102,0.642484915
"SP5","SP5_2",40,60,0.822032909,0.52434593,0.664974619
"SP5","SP5_2",56,15,0.850796717,0.052715655,0
"SP5","SP5_2",44,60,0.860352371,0.220472441,0.371891892
"SP5","SP5_2",56,5,0.823737929,0,0
"SP5","SP5_2",36,120,0.849611063,0.662893367,0.774121501
"SP5","SP5_2",52,5,0.769356051,0.126708903,0
"SP5","SP5_2",48,120,0.848784279,0.114266396,0
"SP5","SP5_2",48,30,0.830641523,0,0
"SP5","SP5_2",44,120,0.804984999,0.302309783,0.439271255
"SP5","SP5_2",36,60,0.827024711,0.665708812,0.771732614
"SP5","SP5_2",40,15,0.842150485,0.632963989,0.738722999
"SP5","SP5_3",44,30,0.802505168,0.465843304,0.611463705
"SP5","SP5_3",44,5,0.739451936,0.643474764,0.727726675
"SP5","SP5_3",48,5,0.792165167,0.203545634,0
"SP5","SP5_3",30,60,0.770506108,0.542056075,0.582330983
"SP5","SP5_3",40,120,0.801875856,0.418964866,0.575811359
"SP5","SP5_3",48,30,0.750187322,0,0.066977286
"SP5","SP5_3",36,120,0.809181192,0.637804878,0.724180161
"SP5","SP5_3",36,60,0.791620606,0.726122912,0.75549591
"SP5","SP5_3",52,15,0.77600395,0,0
"SP5","SP5_3",36,5,0.807683243,0.722799169,0.752780902
"SP5","SP5_3",40,5,0.77629278,0.707200952,0.759125189
"SP5","SP5_3",30,30,0.80961326,0.71572611,0.754088699
"SP5","SP5_3",44,15,0.803919373,0.489553314,0.612249121
"SP5","SP5_3",56,5,0.745275153,0,0
"SP5","SP5_3",40,15,0.799866131,0.61761427,0.679877558
"SP5","SP5_3",36,15,0.802616074,0.685295818,0.761636486
"SP5","SP5_3",44,120,0.802842488,0.246645367,0.37014218
"SP5","SP5_3",52,5,0.756107747,0,0
"SP5","SP5_3",52,60,0.804072061,0,0
"SP5","SP5_3",52,30,0.776350256,0,0
"SP5","SP5_3",48,60,0.801028057,0,0.006377043
"SP5","SP5_3",40,30,0.806463359,0.653695807,0.741663969
"SP5","SP5_3",36,30,0.814202981,0.724314794,0.757703255
"SP5","SP5_3",30,120,0.806700751,0.694929206,0.74212828
"SP5","SP5_3",56,15,0.801205546,0.00097561,0
"SP5","SP5_3",40,60,0.814705882,0.718292431,0.711541819
"SP5","SP5_3",56,30,0.804223628,0,0
"SP5","SP5_3",48,15,0.810642709,0,0
"SP5","SP5_3",44,60,0.783016682,0.324130315,0.418480493
"SP5","SP5_4",40,30,0.794881737,0.668171558,0.713210823
"SP5","SP5_4",36,15,0.806377205,0.62232906,0.705752908
"SP5","SP5_4",48,30,0.797864452,0,0.00375134
"SP5","SP5_4",36,120,0.783327552,0.53871352,0.646516225
"SP5","SP5_4",44,15,0.793194444,0.530869052,0.714529649
"SP5","SP5_4",40,60,0.790439818,0.59373395,0.685669042
"SP5","SP5_4",52,15,0.775442604,0,0
"SP5","SP5_4",36,60,0.730727255,0.61417004,0.688891783
"SP5","SP5_4",30,120,0.77242331,0.40833009,0.578798938
"SP5","SP5_4",52,30,0.735406961,0,0
"SP5","SP5_4",52,5,0.788522996,0,0
"SP5","SP5_4",44,60,0.788499576,0.284140969,0.388
"SP5","SP5_4",44,30,0.786259542,0.457509158,0.60276274
"SP5","SP5_4",44,5,0.793752615,0.653494624,0.705677517
"SP5","SP5_4",36,30,0.812436677,0.678233438,0.730769231
"SP5","SP5_4",30,60,0.804479114,0.72427323,0.736545854
"SP5","SP5_4",40,120,0.777518849,0.223948812,0.330245484
"SP5","SP5_4",56,15,0.786733574,0,0
"SP5","SP5_4",44,120,0.794264339,0.075630252,0.177121771
"SP5","SP5_4",48,15,0.797778667,0,0.028659612
"SP5","SP5_4",40,15,0.793325695,0.760257714,0.778977414
"SP5","SP5_4",56,5,0.818704209,0,0
"SP5","SP5_4",56,30,0.784045226,0,0
"SP5","SP5_4",52,60,0.816237624,0,0
"SP5","SP5_4",48,5,0.784363346,0.103174603,0.265127885
"SP5","SP5_4",40,5,0.796879827,0.667519182,0.725986349
"SP5","SP5_4",36,5,0.759651985,0.684811513,0.673446797
"SP5","SP5_4",30,30,0.777812696,0.696238245,0.73212282
"SP5","SP5_6",40,30,0.80164271,0.6643748,0.744665718
"SP5","SP5_6",44,60,0.779600333,0,0
"SP5","SP5_6",40,120,0.80279354,0.463889721,0.570438328
"SP5","SP5_6",52,15,0.776240508,0,0
"SP5","SP5_6",30,30,0.800890328,0.696819085,0.71315695
"SP5","SP5_6",48,15,0.794114683,0,0
"SP5","SP5_6",36,30,0.807774956,0.703376623,0.736498213
"SP5","SP5_6",48,30,0.749862198,0,0.038268156
"SP5","SP5_6",52,5,0.768032787,0,0
"SP5","SP5_6",44,15,0.798855349,0.588222072,0.582101047
"SP5","SP5_6",56,5,0.746761183,0,0
"SP5","SP5_6",36,15,0.796349241,0.666215301,0.752869757
"SP5","SP5_6",44,120,0.779716981,0.099,0.168199737
"SP5","SP5_6",52,30,0.778921367,0,0
"SP5","SP5_6",40,60,0.796071917,0.640994785,0.657754011
"SP5","SP5_6",30,60,0.796147041,0.662396764,0.716478873
"SP5","SP5_6",36,60,0.759525749,0.563270823,0.641255605
"SP5","SP5_6",52,60,0.796205336,0,0
"SP5","SP5_6",30,120,0.781975956,0.615632678,0.687751216
"SP5","SP5_6",40,15,0.794486455,0.636669728,0.694735513
"SP5","SP5_6",44,30,0.799856977,0.368787276,0.522516249
"SP5","SP5_6",36,120,0.793361982,0.572347267,0.678465661
"SP5","SP5_6",40,5,0.76786305,0.618929787,0.647826638
"SP5","SP5_6",56,15,0.708140704,0.02135404,0
"SP5","SP5_6",44,5,0.750028303,0.559096665,0.632800922
"SP5","SP5_6",48,60,0.789116246,0,0.0125
"SP5","SP5_6",56,30,0.793288111,0,0
"SP5","SP5_6",48,5,0.788626715,0.153846154,0
"SP5","SP5_6",36,5,0.786868161,0.699191969,0.706353306
"SP5","SP5_5",36,5,0.806520062,0.747931407,0.786225895
"SP5","SP5_5",30,30,0.805134315,0.748516218,0.774091242
"SP5","SP5_5",48,30,0.781941868,0.07967033,0
"SP5","SP5_5",36,60,0.786142412,0.666666667,0.718730159
"SP5","SP5_5",36,30,0.814463112,0.73348409,0.769220711
"SP5","SP5_5",44,120,0.797385621,0.084233261,0.180625
"SP5","SP5_5",30,120,0.80742192,0.702528424,0.700260926
"SP5","SP5_5",56,15,0.80548926,0,0.025913449
"SP5","SP5_5",44,5,0.797444233,0.292935839,0.373150106
"SP5","SP5_5",44,15,0.796237099,0.46744325,0.645211202
"SP5","SP5_5",36,120,0.799526834,0.678877957,0.725217657
"SP5","SP5_5",36,15,0.805429323,0.711463187,0.775326683
"SP5","SP5_5",40,15,0.811429795,0.705543312,0.758589157
"SP5","SP5_5",40,5,0.81064958,0.712216003,0.756977065
"SP5","SP5_5",48,60,0.800341126,0,0.015023474
"SP5","SP5_5",52,60,0.805566761,0,0.019377729
"SP5","SP5_5",48,15,0.804844655,0,0.065026362
"SP5","SP5_5",56,30,0.784920198,0.033647376,0.014976466
"SP5","SP5_5",44,60,0.794380587,0.277668631,0.442928604
"SP5","SP5_5",40,60,0.739866741,0.59455085,0.673540784
"SP5","SP5_5",30,60,0.809002684,0.676292582,0.742236878
"SP5","SP5_5",56,5,0.794302978,0.006004804,0.008067614
"SP5","SP5_5",52,5,0.813059398,0,0.013299233
"SP5","SP5_5",40,30,0.796105095,0.546206082,0.500478698
"SP5","SP5_5",48,5,0.802042419,0.047434656,0.152968037
"SP5","SP5_5",44,30,0.803875283,0.283451666,0.557183983
"SP5","SP5_5",52,15,0.781454589,0,0
"SP5","SP5_5",52,30,0.813147231,0.027498064,0
"SP5","SP5_5",40,120,0.717857985,0.174885845,0.222893842
"SP5","SP5_1",44,120,0.797630909,0.025806452,0.121976866
"SP5","SP5_1",40,30,0.805587491,0.531509695,0.635170604
"SP5","SP5_1",36,15,0.822475744,0.49052774,0.617070563
"SP5","SP5_1",40,15,0.794877711,0.737772708,0.766541039
"SP5","SP5_1",40,5,0.80055435,0.622521607,0.687698593
"SP5","SP5_1",44,15,0.809152628,0.157441574,0.314544189
"SP5","SP5_1",52,5,0.806451613,0,0
"SP5","SP5_1",30,120,0.747593737,0.582870506,0.682915361
"SP5","SP5_1",44,60,0.792008082,0.074412533,0.086745316
"SP5","SP5_1",44,5,0.80167983,0.357941834,0.403956044
"SP5","SP5_1",44,30,0.80897364,0.169550173,0.275722932
"SP5","SP5_1",48,5,0.812105632,0.052884615,0.077386071
"SP5","SP5_1",36,120,0.802048624,0.576652221,0.720729111
"SP5","SP5_1",40,120,0.779508971,0.127819549,0.19764508
"SP5","SP5_1",30,60,0.798231009,0.371088585,0.425925926
"SP5","SP5_1",52,15,0.783777626,0,0
"SP5","SP5_1",56,30,0.797986891,0,0
"SP5","SP5_1",48,15,0.817073171,0,0
"SP5","SP5_1",30,30,0.787130613,0.372478013,0.459677419
"SP5","SP5_1",52,60,0.824575505,0,0
"SP5","SP5_1",36,60,0.774016575,0.544061303,0.673265937
"SP5","SP5_1",52,30,0.766280594,0,0
"SP5","SP5_1",36,30,0.816396438,0.709558233,0.74836219
"SP5","SP5_1",56,15,0.808848841,0,0
"SP5","SP5_1",40,60,0.801131364,0.601193317,0.711382672
"SP5","SP5_1",48,30,0.800488315,0,0.015950377
"SP5","SP5_1",56,5,0.816159943,0,0
"SP5","SP5_1",36,5,0.793633249,0.654623502,0.696436626
